Prompt,Response A,Response B,A_wins,B_wins
How do I troubleshoot a slow computer?,"If you notice that your computer is running slower than usual, there are a few things you can do to troubleshoot the issue. First, make sure that your computer is up to date with the latest software updates. This can often help speed up your computer. Next, check for any programs or apps that you don't need and uninstall them. This can free up some memory and improve your computer's performance. Finally, if your computer is still running slowly, you may need to consider upgrading your hardware.
What are the symptoms of a slow computer?Â 
If your computer is running slowly, there are a few things you can do to troubleshoot the issue. First, check to see if your computer is up to date with the latest software updates. This can often help speed up your computer. Next, check for any programs or apps that you don't need and uninstall them. This can free up some memory and improve your computer's performance. Finally, if your computer is still running slowly, you may need to consider upgrading your hardware.
What can I do to improve my computer's performance?Â 
If your computer is running slowly, there are a few things you can do to troubleshoot the issue. First, make sure that your computer is up to date with the latest software updates. This can often help speed up your computer. Next, check for any programs or apps that you don't need and uninstall them. This can free up some memory and improve your computer's performance. Finally, if your computer is still running slowly, you may need to consider upgrading your hardware.
How can I update my computer's software?Â 
If your computer is running slowly, there are a few things you can do to troubleshoot the issue. First, check to see if your computer is up to date with the latest software updates. This can often help speed up your computer. Next, check for any programs or apps that you don't need and uninstall them. This can free up some memory and improve your computer's performance. Finally, if your computer is still running slowly, you may need to consider upgrading your hardware.
How can I uninstall programs and apps from my computer?Â 
If your computer is running slowly, there are a few things you can do to troubleshoot the issue. First, check to see if your computer is up to date with the latest software updates. This can often help speed up your computer. Next, check for any programs or apps that you don't need and uninstall them. This can free up some memory and improve your computer's","What are the common culprits? Letâs look at the problem and the solutions. Weâll start with an assumption that youâre using a relatively new computer, one that was installed in the past year or two. Chances are, you have several programs installed, and thatâs a big reason why your computer is running slow. Many of us are guilty of installing more software than the machine can handle. The more programs you add, the slower your computer runs. Thatâs because youâve loaded a heavier load on your machine. The simple fix to this problem is to remove the programs that youâre not using. Remove the ones that you hardly use, and install a few more that you really need. Just remember to always remove the old ones first. This will keep your computer running smoothly.
What are some common culprits for a slow computer? Letâs start with the hard disk. This is one of the most common culprits for a slow computer. The hard disk drives can fail or be damaged due to mechanical or electrical problems. Another common problem with the hard disk is that the hard driveâs firmware has become corrupted or damaged. To fix this, you can try formatting the hard disk.
What else can be done to improve your computerâs speed? You can also try to improve the speed of your hard drive by installing a new hard drive. This will not only improve the speed of your computer, but also help in removing the slow computer problem.
Another common problem that causes your computer to be slow is the virus. It can damage or delete your files, and sometimes even your system files. If you suspect that your computer is infected with a virus, you can remove the virus and scan your hard drive for viruses. You can also remove the virus manually if you know how to do so.
Another common problem with your computer is the registry. The registry is a database that stores important information about your computer and applications. If this database gets corrupted, it can cause your computer to slow down. The registry is a database that is stored in the system files and the system settings. There are many tools that can help you repair the registry. You can try using a program called RegCure to remove the registry errors.
If none of these tips work, you can try a hard disk drive repair tool. These programs will help you repair the disk drive or the hard disk drive itself. They are usually free and can fix a number of common problems. There are also many websites that offer these tools for free. If youâre looking for",2,0
How can I create a budget and stick to it?,"- 3 steps
How can I create a budget and stick to it? - 3 steps
Budgeting is one of the most powerful tools to take control of your finances. By creating a budget and sticking to it, you can gain control of your finances and achieve financial freedom. Creating a budget is a simple process that involves tracking your income and expenses, identifying areas where you can save money, and creating a plan to stick to it. In this article, we will discuss the three steps to create a budget and stick to it.
Step 1: Track your income and expenses
The first step to creating a budget is to track your income and expenses. This involves keeping a record of all your income and expenses for a period of time, such as one month. To do this, you can use a spreadsheet or a budgeting app. Once you have recorded your income and expenses, you can begin to analyze them to identify areas where you can save money.
Step 2: Identify areas where you can save money
Once you have analyzed your income and expenses, you can identify areas where you can save money. This may involve reducing your expenses, such as cutting back on unnecessary spending or reducing your monthly bills. You can also increase your income by taking on additional income sources, such as a side hustle or a second job.
Step 3: Create a plan to stick to it
Once you have identified areas where you can save money, you can create a plan to stick to it. This involves setting goals and creating a plan to achieve them. For example, if you want to save money on your monthly bills, you can create a plan to reduce your monthly bills by 10% by the end of the year. You can also create a plan to increase your income by taking on additional income sources.
By following these three steps, you can create a budget and stick to it. Creating a budget and sticking to it is a powerful tool to take control of your finances and achieve financial freedom. By tracking your income and expenses, identifying areas where you can save money, and creating a plan to stick to it, you can gain control of your finances and achieve financial freedom.","How do I find time to get things done?
I want to be in the best shape possible. I want to be a happy, successful person. I want to feel fulfilled in all my relationships.
If youâre anything like me, youâll be tempted to skip to the next question.
It takes hard work and determination. If you want to start making progress towards your goals, you need to ask yourself the hard questions. Donât let these questions keep you from getting started.
In order to get started, Iâd like to share some questions that I ask myself when Iâm planning my goals for the year, and the answers I give to them. I hope that these questions will help you to start making the right choices for yourself and for your business. Itâs important to remember that if youâre looking for something, you need to be willing to make changes in your life in order to get it.
In order to get started, you have to be able to be yourself. The more you know who you are, the easier it is to get started.
If you want to get started, you have to know how to be yourself. If you donât know how to be yourself, you canât get started. Itâs hard to know how to be yourself when you donât know yourself.
If you want to be a good human being, you have to know how to be yourself. You have to be able to be yourself in every situation you find yourself in. When you know who you are, you know what to do. You know how to act. You know how to be a good human being. You know what is important to you and what is not.
Itâs not easy to be yourself, but itâs not impossible. The key is knowing who you are. You have to be willing to be honest with yourself. When you know who you are, you know what you need to do. You know what you want. You know what you can do. You know what you canât do.
One of the most difficult things to do in life is to be honest with yourself. If youâre not honest with yourself, you wonât be able to know what you need to do. You wonât be able to know what you want. You wonât be able to know what you can do. You wonât be able to know what you canât do. If youâre not honest with yourself, you wonât be able to be a good person.
I love that there is a whole sub-genre of movies about",1,1
How do I troubleshoot a slow computer?,"There are many ways to speed up a computer that is running slowly.
First, ensure you have the latest software updates. This includes antivirus, Windows operating system, and other software. You can find these in the Windows Control Panel or from your software publisher.
Next, run the Windows Disk Cleanup tool to clean up temporary files and empty the recycle bin. You can also run a system scan using the free CCleaner tool to clean up temporary files and registry errors.
Also check for the presence of malware and remove it. Many malware programs can slow down your computer and make it unusable. Itâs best to use a third-party antivirus program like Malwarebytes to clean your computer thoroughly.
Run a program checkup with Microsoftâs Windows Repair tool. This program scans your PC for missing or damaged system files, drivers, and registry keys and offers solutions for the problems it finds.
Make sure that your Windows updates are current, and that you have installed any Windows patches that have been released since your last upgrade. Itâs also a good idea to upgrade to Windows 10 if you havenât done so already, as the newer version includes improvements and new features that can speed up your computer.
If youâre still having trouble, it may be time to call in an expert. A computer repair service can help identify and fix the problem, and you can get a fast resolution for your issue.
When it comes to speeding up your computer, there are a number of factors to consider. You need to know how much hard drive space you have available, how much RAM you have, and what type of processor your computer has.
You should also look at the amount of free space on your computerâs hard drive. If there is a lot of free space, this can slow down the operation of your computer, as the data is not being written to a temporary location and must be moved to the actual location on the hard drive.
Another issue is the number of programs that you have installed on your computer. The more programs you have installed, the more memory your computer has to allocate to them.
In addition, itâs important to make sure that your computerâs registry is kept clean. This can be done by running a scan on your computer and fixing any problems that it finds.
Another way to speed up your computer is to disable background apps. This can be done in the Windows settings, or by clicking the settings icon in the taskbar and then selecting Apps &amp; Features.
If you donât have any background apps, you can disable them in the Task Manager. This","What are the common culprits? Letâs look at the problem and the solutions. Weâll start with an assumption that youâre using a relatively new computer, one that was installed in the past year or two. Chances are, you have several programs installed, and thatâs a big reason why your computer is running slow. Many of us are guilty of installing more software than the machine can handle. The more programs you add, the slower your computer runs. Thatâs because youâve loaded a heavier load on your machine. The simple fix to this problem is to remove the programs that youâre not using. Remove the ones that you hardly use, and install a few more that you really need. Just remember to always remove the old ones first. This will keep your computer running smoothly.
What are some common culprits for a slow computer? Letâs start with the hard disk. This is one of the most common culprits for a slow computer. The hard disk drives can fail or be damaged due to mechanical or electrical problems. Another common problem with the hard disk is that the hard driveâs firmware has become corrupted or damaged. To fix this, you can try formatting the hard disk.
What else can be done to improve your computerâs speed? You can also try to improve the speed of your hard drive by installing a new hard drive. This will not only improve the speed of your computer, but also help in removing the slow computer problem.
Another common problem that causes your computer to be slow is the virus. It can damage or delete your files, and sometimes even your system files. If you suspect that your computer is infected with a virus, you can remove the virus and scan your hard drive for viruses. You can also remove the virus manually if you know how to do so.
Another common problem with your computer is the registry. The registry is a database that stores important information about your computer and applications. If this database gets corrupted, it can cause your computer to slow down. The registry is a database that is stored in the system files and the system settings. There are many tools that can help you repair the registry. You can try using a program called RegCure to remove the registry errors.
If none of these tips work, you can try a hard disk drive repair tool. These programs will help you repair the disk drive or the hard disk drive itself. They are usually free and can fix a number of common problems. There are also many websites that offer these tools for free. If youâre looking for",1,1
How do I troubleshoot a slow computer?,"If you notice that your computer is running slower than usual, there are a few things you can do to troubleshoot the issue. First, make sure that your computer is up to date with the latest software updates. This can often help speed up your computer. Next, check for any programs or apps that you don't need and uninstall them. This can free up some memory and improve your computer's performance. Finally, if your computer is still running slowly, you may need to consider upgrading your hardware.
What are the symptoms of a slow computer?Â 
If your computer is running slowly, there are a few things you can do to troubleshoot the issue. First, check to see if your computer is up to date with the latest software updates. This can often help speed up your computer. Next, check for any programs or apps that you don't need and uninstall them. This can free up some memory and improve your computer's performance. Finally, if your computer is still running slowly, you may need to consider upgrading your hardware.
What can I do to improve my computer's performance?Â 
If your computer is running slowly, there are a few things you can do to troubleshoot the issue. First, make sure that your computer is up to date with the latest software updates. This can often help speed up your computer. Next, check for any programs or apps that you don't need and uninstall them. This can free up some memory and improve your computer's performance. Finally, if your computer is still running slowly, you may need to consider upgrading your hardware.
How can I update my computer's software?Â 
If your computer is running slowly, there are a few things you can do to troubleshoot the issue. First, check to see if your computer is up to date with the latest software updates. This can often help speed up your computer. Next, check for any programs or apps that you don't need and uninstall them. This can free up some memory and improve your computer's performance. Finally, if your computer is still running slowly, you may need to consider upgrading your hardware.
How can I uninstall programs and apps from my computer?Â 
If your computer is running slowly, there are a few things you can do to troubleshoot the issue. First, check to see if your computer is up to date with the latest software updates. This can often help speed up your computer. Next, check for any programs or apps that you don't need and uninstall them. This can free up some memory and improve your computer's","There are many ways to speed up a computer that is running slowly.
First, ensure you have the latest software updates. This includes antivirus, Windows operating system, and other software. You can find these in the Windows Control Panel or from your software publisher.
Next, run the Windows Disk Cleanup tool to clean up temporary files and empty the recycle bin. You can also run a system scan using the free CCleaner tool to clean up temporary files and registry errors.
Also check for the presence of malware and remove it. Many malware programs can slow down your computer and make it unusable. Itâs best to use a third-party antivirus program like Malwarebytes to clean your computer thoroughly.
Run a program checkup with Microsoftâs Windows Repair tool. This program scans your PC for missing or damaged system files, drivers, and registry keys and offers solutions for the problems it finds.
Make sure that your Windows updates are current, and that you have installed any Windows patches that have been released since your last upgrade. Itâs also a good idea to upgrade to Windows 10 if you havenât done so already, as the newer version includes improvements and new features that can speed up your computer.
If youâre still having trouble, it may be time to call in an expert. A computer repair service can help identify and fix the problem, and you can get a fast resolution for your issue.
When it comes to speeding up your computer, there are a number of factors to consider. You need to know how much hard drive space you have available, how much RAM you have, and what type of processor your computer has.
You should also look at the amount of free space on your computerâs hard drive. If there is a lot of free space, this can slow down the operation of your computer, as the data is not being written to a temporary location and must be moved to the actual location on the hard drive.
Another issue is the number of programs that you have installed on your computer. The more programs you have installed, the more memory your computer has to allocate to them.
In addition, itâs important to make sure that your computerâs registry is kept clean. This can be done by running a scan on your computer and fixing any problems that it finds.
Another way to speed up your computer is to disable background apps. This can be done in the Windows settings, or by clicking the settings icon in the taskbar and then selecting Apps &amp; Features.
If you donât have any background apps, you can disable them in the Task Manager. This",1,1
How can I create a budget and stick to it?,"- 3 steps
How can I create a budget and stick to it? - 3 steps
Budgeting is one of the most powerful tools to take control of your finances. By creating a budget and sticking to it, you can gain control of your finances and achieve financial freedom. Creating a budget is a simple process that involves tracking your income and expenses, identifying areas where you can save money, and creating a plan to stick to it. In this article, we will discuss the three steps to create a budget and stick to it.
Step 1: Track your income and expenses
The first step to creating a budget is to track your income and expenses. This involves keeping a record of all your income and expenses for a period of time, such as one month. To do this, you can use a spreadsheet or a budgeting app. Once you have recorded your income and expenses, you can begin to analyze them to identify areas where you can save money.
Step 2: Identify areas where you can save money
Once you have analyzed your income and expenses, you can identify areas where you can save money. This may involve reducing your expenses, such as cutting back on unnecessary spending or reducing your monthly bills. You can also increase your income by taking on additional income sources, such as a side hustle or a second job.
Step 3: Create a plan to stick to it
Once you have identified areas where you can save money, you can create a plan to stick to it. This involves setting goals and creating a plan to achieve them. For example, if you want to save money on your monthly bills, you can create a plan to reduce your monthly bills by 10% by the end of the year. You can also create a plan to increase your income by taking on additional income sources.
By following these three steps, you can create a budget and stick to it. Creating a budget and sticking to it is a powerful tool to take control of your finances and achieve financial freedom. By tracking your income and expenses, identifying areas where you can save money, and creating a plan to stick to it, you can gain control of your finances and achieve financial freedom.","The first thing Iâd suggest is to set up a budget and then stick to it. This is easier said than done, but if you can get a handle on it, youâll be able to make your budget work for you.
The first thing to do is to make a budget. This is a good idea, but it can also be a bad one. You can make a budget by creating a budget sheet or by using a spreadsheet. The key to making a budget is to keep it simple and easy to understand. You donât want to spend more than you earn, but you also donât want to spend less than you earn.
If you are in the process of creating a budget, you might want to consider using a spreadsheet. This is a good idea because it will help you keep track of your income and expenses. It will also help you see how much you are spending and how much you are earning.
Creating a budget is a good idea, but it can also be a bad idea. You can make a budget by creating a budget sheet or by using a spreadsheet. The key to making a budget is to keep it simple and easy to understand. You dont want to spend more than you earn, but you also dont want to spend less than you earn.
I have a spreadsheet that I use to keep track of my income and expenses. It helps me see how much I am spending and how much I am earning. It also helps me see what I need to do to get out of debt. Itâs a good idea to keep track of your income and expenses, but itâs also a good idea to keep track of your debt. If you are in the process of creating a budget, you might want to consider using a spreadsheet.
I have a spreadsheet that I use to keep track of my income and expenses. It helps me see how much I am spending and how much I am earning. It also helps me see what I need to do to get out of debt. Itâs a good idea to keep track of your income and expenses, but itâs also a good idea to keep track of your debt. If you are in the process of creating a budget, you might want to consider using a spreadsheet.
If you are in the process of creating a budget, you might want to consider using a spreadsheet. It helps me see how much I am spending and how much I am earning. It also helps me see what I need to do to get out of debt. Itâs a good idea to keep track of your income and",1,1
How do I troubleshoot a slow computer?,"- 3 ways to speed up your computer
Slow computer? It can be frustrating, especially when you need to get work done. But don't worry, we've got you covered. In this blog post, we'll share 3 ways to speed up your computer and get it back to running smoothly.
Why is my computer slow?
Before we dive into the solutions, it's important to understand why your computer might be slow in the first place. There are several factors that can contribute to a slow computer, including:
Outdated software: If your computer is running outdated software, it can slow down your system and cause crashes.
Too many programs running: Running too many programs at once can put a strain on your computer's resources and slow it down.
Low disk space: If your hard drive is running low on space, it can slow down your computer's performance.
Virus or malware infection: A virus or malware infection can slow down your computer and cause data loss.
In addition to these factors, there are also other common issues that can cause a slow computer, such as:
Slow Internet connection: If your Internet connection is slow, it can cause your computer to slow down.
Outdated drivers: Outdated drivers can cause issues with your computer's performance.
Inconsistent power supply: If your computer's power supply is not consistent, it can cause issues with its performance.
How to speed up a slow computer?
If your computer is running slowly, there are several steps you can take to speed it up. Here are 3 ways to speed up your computer:
1. Clear up disk space
One of the most common causes of a slow computer is a lack of disk space. If your hard drive is running low on space, it can slow down your computer's performance and cause crashes.
To clear up disk space, you can:
Delete unnecessary files: Delete any files you no longer need, such as old emails or documents.
Clean up your browser's cache: Your browser's cache can accumulate over time and take up a lot of space. Clearing your browser's cache can free up space and improve your computer's performance.
Use a disk cleanup tool: Disk cleanup tools can help you identify and delete unnecessary files on your computer. Use a tool like CCleaner or Disk Cleanup to clean up your computer's disk space.
2. Update your software and drivers
Outdated software and drivers can cause issues with your computer's performance. To update your software and drivers, you can:
Check for software updates: Windows 10 automatically checks for","What are the common culprits? Letâs look at the problem and the solutions. Weâll start with an assumption that youâre using a relatively new computer, one that was installed in the past year or two. Chances are, you have several programs installed, and thatâs a big reason why your computer is running slow. Many of us are guilty of installing more software than the machine can handle. The more programs you add, the slower your computer runs. Thatâs because youâve loaded a heavier load on your machine. The simple fix to this problem is to remove the programs that youâre not using. Remove the ones that you hardly use, and install a few more that you really need. Just remember to always remove the old ones first. This will keep your computer running smoothly.
What are some common culprits for a slow computer? Letâs start with the hard disk. This is one of the most common culprits for a slow computer. The hard disk drives can fail or be damaged due to mechanical or electrical problems. Another common problem with the hard disk is that the hard driveâs firmware has become corrupted or damaged. To fix this, you can try formatting the hard disk.
What else can be done to improve your computerâs speed? You can also try to improve the speed of your hard drive by installing a new hard drive. This will not only improve the speed of your computer, but also help in removing the slow computer problem.
Another common problem that causes your computer to be slow is the virus. It can damage or delete your files, and sometimes even your system files. If you suspect that your computer is infected with a virus, you can remove the virus and scan your hard drive for viruses. You can also remove the virus manually if you know how to do so.
Another common problem with your computer is the registry. The registry is a database that stores important information about your computer and applications. If this database gets corrupted, it can cause your computer to slow down. The registry is a database that is stored in the system files and the system settings. There are many tools that can help you repair the registry. You can try using a program called RegCure to remove the registry errors.
If none of these tips work, you can try a hard disk drive repair tool. These programs will help you repair the disk drive or the hard disk drive itself. They are usually free and can fix a number of common problems. There are also many websites that offer these tools for free. If youâre looking for",1,1
How can I create a budget and stick to it?,"- 3 steps
How can I create a budget and stick to it? - 3 steps
Budgeting is one of the most powerful tools to take control of your finances. By creating a budget and sticking to it, you can gain control of your finances and achieve financial freedom. Creating a budget is a simple process that involves tracking your income and expenses, identifying areas where you can save money, and creating a plan to stick to it. In this article, we will discuss the three steps to create a budget and stick to it.
Step 1: Track your income and expenses
The first step to creating a budget is to track your income and expenses. This involves keeping a record of all your income and expenses for a period of time, such as one month. To do this, you can use a spreadsheet or a budgeting app. Once you have recorded your income and expenses, you can begin to analyze them to identify areas where you can save money.
Step 2: Identify areas where you can save money
Once you have analyzed your income and expenses, you can identify areas where you can save money. This may involve reducing your expenses, such as cutting back on unnecessary spending or reducing your monthly bills. You can also increase your income by taking on additional income sources, such as a side hustle or a second job.
Step 3: Create a plan to stick to it
Once you have identified areas where you can save money, you can create a plan to stick to it. This involves setting goals and creating a plan to achieve them. For example, if you want to save money on your monthly bills, you can create a plan to reduce your monthly bills by 10% by the end of the year. You can also create a plan to increase your income by taking on additional income sources.
By following these three steps, you can create a budget and stick to it. Creating a budget and sticking to it is a powerful tool to take control of your finances and achieve financial freedom. By tracking your income and expenses, identifying areas where you can save money, and creating a plan to stick to it, you can gain control of your finances and achieve financial freedom.","4 tips for successful budgeting
Budgeting isnât easy for anyone. Some people can spend money more responsibly than others. For many of us, though, tracking spending and creating a budget takes discipline. This discipline isnât impossible to learn, though, with some helpful tips. Keep these four budgeting tips in mind to help you create and stick to your budget.
Use a budget template.Â 
The first step to budgeting success is to know how much youâre spending right now. Use a spreadsheet (Google Sheets is a great free option) to organize your expenses in different categories (rent/mortgage, groceries, transportation, entertainment, clothing, and so on). You can also use the Mint budgeting software that tracks spending across multiple accounts. This will give you a realistic starting point to get a clear picture of your financial situation.
Decide how much you can spend and stick to it.Â 
As youâre tracking your spending, make some adjustments. Decide how much you can spend on each category and stick to it. If youâre spending $500 on groceries, youâll probably want to cut back. You may also want to set a budget for entertainment spending.
Create a goal and a plan.Â 
Once you know what youâre spending and how much you can spend, create a goal that you want to achieve. For example, you may want to save money for a down payment on a house, or pay off your debt. The goal helps you prioritize your spending and stay on track. A budget is only as useful as the plan that you create to reach it.
Find a system that works for you.Â 
Thereâs no one right way to budget, so find a system that works for you. For some people, this means tracking their spending every day. Others may prefer to do a more casual review of their spending at the end of the month. The key is to find a system that you can stick with.
These four budgeting tips will help you create a budget and stick to it. If you have trouble staying on track, donât be afraid to experiment with different approaches. What works for one person may not work for another. Keep trying different methods until you find the right one for you.",0,2
What are the main differences between Python and JavaScript?,"It is a high-level programming language with dynamic semantics. Python is not case sensitive, but JavaScript is case sensitive. Python is a general-purpose programming language, while JavaScript is a scripting language. Python is an interpreted language, while JavaScript is a compiled language. Python is open-source, while JavaScript is proprietary. Python is statically typed, while JavaScript is dynamically typed. Python is designed to be used interactively, while JavaScript is designed to be used in a web browser. Python is a great language for scientific computing, while JavaScript is not as well-suited for scientific computing. Python is a great language for web development, while JavaScript is not as well-suited for web development. Python is a great language for data analysis, while JavaScript is not as well-suited for data analysis. Python is a great language for game development, while JavaScript is not as well-suited for game development. Python is a great language for artificial intelligence, while JavaScript is not as well-suited for artificial intelligence.
The main differences between Python and JavaScript are:
1. Syntax: Python is a more concise and readable language than JavaScript, thanks to its use of indentation for code blocks and its lack of semicolons.
2. Data types: Python has a more limited set of data types than JavaScript, which can make it easier to understand for beginners.
3. Object-oriented programming: Python is an object-oriented language, while JavaScript is more functional.
4. Libraries: Python has a large and active community of libraries, while JavaScript has a smaller but still useful set of libraries.
5. Performance: Python is generally faster than JavaScript, thanks to its use of compiled bytecode.
6. Web development: JavaScript is the de facto standard for web development, while Python is less well-suited for this purpose.
7. Artificial intelligence: Python is a popular choice for artificial intelligence, while JavaScript is less well-suited for this purpose.
8. Game development: Python is a popular choice for game development, while JavaScript is less well-suited for this purpose.
9. Data analysis: Python is a popular choice for data analysis, while JavaScript is less well-suited for this purpose.
10. Machine learning: Python is a popular choice for machine learning, while JavaScript is less well-suited for this purpose.
Python and JavaScript are two of the most popular programming languages in the world. Both languages are used for a variety of tasks, but they have some key differences that make them better suited for certain applications. Here is a look at the main differences between Python and JavaScript:
1. Syntax","Letâs take a look at the most prominent differences between Python and JavaScript, including the syntax, semantics, data types, and more. Youâll also learn some of the key concepts and libraries used in each language and see how they are similar and different.
JavaScript and Python are two of the most popular and frequently used programming languages in the world. Both languages are widely used for creating web applications, games, and many other types of software. But what are the main differences between them? Letâs take a look at the most prominent differences between Python and JavaScript, including the syntax, semantics, data types, and more.
The most obvious difference between Python and JavaScript is their syntax. Python is an object-oriented language that uses indentation to define blocks of code. JavaScript is a loosely typed language that uses curly brackets to define blocks of code. This difference can cause confusion for developers who are new to both languages.
Another major difference between Python and JavaScript is their semantics. Python is a dynamic language that is interpreted at runtime, while JavaScript is a static language that is compiled before it is executed. This difference can have a significant impact on the performance of your code.
Data Types in Python and JavaScript
Data types in Python and JavaScript are quite different. Python has a variety of built-in data types, including integers, floating-point numbers, strings, and dictionaries. JavaScript has only a few built-in data types, such as numbers, strings, and objects. Python also supports user-defined data types, while JavaScript does not.
Python and JavaScript each have their own set of libraries for performing common tasks. Python has libraries such as NumPy and Pandas for scientific computing and data analysis, while JavaScript has libraries such as d3.js and React for creating interactive web applications. Python also has a library called matplotlib for creating beautiful, publication-quality figures.
Libraries in Python and JavaScript
Python and JavaScript each have their own set of libraries for performing common tasks. Python has libraries such as NumPy and Pandas for scientific computing and data analysis, while JavaScript has libraries such as d3.js and React for creating interactive web applications. Python also has a library called matplotlib for creating beautiful, publication-quality figures.
The most important difference between Python and JavaScript is their syntax. Python is an object-oriented language that uses indentation to define blocks of code. JavaScript is a loosely typed language that uses curly brackets to define blocks of code. This difference can cause confusion for developers who are new to both languages.
Another major difference between Python and JavaScript is their semantics. Python is a dynamic language that is",2,0
How can I create a budget and stick to it?,"The first thing Iâd suggest is to set up a budget and then stick to it. This is easier said than done, but if you can get a handle on it, youâll be able to make your budget work for you.
The first thing to do is to make a budget. This is a good idea, but it can also be a bad one. You can make a budget by creating a budget sheet or by using a spreadsheet. The key to making a budget is to keep it simple and easy to understand. You donât want to spend more than you earn, but you also donât want to spend less than you earn.
If you are in the process of creating a budget, you might want to consider using a spreadsheet. This is a good idea because it will help you keep track of your income and expenses. It will also help you see how much you are spending and how much you are earning.
Creating a budget is a good idea, but it can also be a bad idea. You can make a budget by creating a budget sheet or by using a spreadsheet. The key to making a budget is to keep it simple and easy to understand. You dont want to spend more than you earn, but you also dont want to spend less than you earn.
I have a spreadsheet that I use to keep track of my income and expenses. It helps me see how much I am spending and how much I am earning. It also helps me see what I need to do to get out of debt. Itâs a good idea to keep track of your income and expenses, but itâs also a good idea to keep track of your debt. If you are in the process of creating a budget, you might want to consider using a spreadsheet.
I have a spreadsheet that I use to keep track of my income and expenses. It helps me see how much I am spending and how much I am earning. It also helps me see what I need to do to get out of debt. Itâs a good idea to keep track of your income and expenses, but itâs also a good idea to keep track of your debt. If you are in the process of creating a budget, you might want to consider using a spreadsheet.
If you are in the process of creating a budget, you might want to consider using a spreadsheet. It helps me see how much I am spending and how much I am earning. It also helps me see what I need to do to get out of debt. Itâs a good idea to keep track of your income and","4 tips for successful budgeting
Budgeting isnât easy for anyone. Some people can spend money more responsibly than others. For many of us, though, tracking spending and creating a budget takes discipline. This discipline isnât impossible to learn, though, with some helpful tips. Keep these four budgeting tips in mind to help you create and stick to your budget.
Use a budget template.Â 
The first step to budgeting success is to know how much youâre spending right now. Use a spreadsheet (Google Sheets is a great free option) to organize your expenses in different categories (rent/mortgage, groceries, transportation, entertainment, clothing, and so on). You can also use the Mint budgeting software that tracks spending across multiple accounts. This will give you a realistic starting point to get a clear picture of your financial situation.
Decide how much you can spend and stick to it.Â 
As youâre tracking your spending, make some adjustments. Decide how much you can spend on each category and stick to it. If youâre spending $500 on groceries, youâll probably want to cut back. You may also want to set a budget for entertainment spending.
Create a goal and a plan.Â 
Once you know what youâre spending and how much you can spend, create a goal that you want to achieve. For example, you may want to save money for a down payment on a house, or pay off your debt. The goal helps you prioritize your spending and stay on track. A budget is only as useful as the plan that you create to reach it.
Find a system that works for you.Â 
Thereâs no one right way to budget, so find a system that works for you. For some people, this means tracking their spending every day. Others may prefer to do a more casual review of their spending at the end of the month. The key is to find a system that you can stick with.
These four budgeting tips will help you create a budget and stick to it. If you have trouble staying on track, donât be afraid to experiment with different approaches. What works for one person may not work for another. Keep trying different methods until you find the right one for you.",1,1
What are the main differences between Python and JavaScript?,"What are some of the benefits of using each language? How can I decide which one to use for my project? In this article, we will explore these questions and more to help you make an informed decision about which language is right for your needs.
Python is a high-level, interpreted, general-purpose programming language. It was created by Guido van Rossum and first released in 1991. Python is known for its simplicity, readability, and its extensive standard library. It is used in a wide range of applications, including web development, scientific computing, and artificial intelligence.
JavaScript is a high-level, interpreted, dynamic programming language. It was created by Brendan Eich and first released in 1995. JavaScript is known for its client-side scripting capabilities, which allow it to interact with HTML documents. It is used in a wide range of web applications, including web browsers, web servers, and web APIs.
Python is a general-purpose language that can be used for a wide range of applications, including web development, scientific computing, and artificial intelligence. It is known for its simplicity, readability, and its extensive standard library. JavaScript is a language that is specifically designed for client-side scripting, which allows it to interact with HTML documents. It is used in a wide range of web applications, including web browsers, web servers, and web APIs.
Python is a high-level language that is easy to read and write. It is known for its simplicity and readability, which makes it a popular choice for beginners. JavaScript is also a high-level language, but it is more complex than Python. It is a dynamically typed language, which means that the type of a variable is not fixed until it is assigned a value. This can make JavaScript more difficult to read and write than Python.
Python has an extensive standard library, which means that it comes with a wide range of built-in functions and modules. This makes it easier to write programs that perform common tasks, such as reading and writing files, manipulating strings, and working with databases. JavaScript also has a large standard library, but it is not as extensive as Pythonâs. This means that JavaScript developers often need to use third-party libraries to access features that are not included in the standard library.
Python is a general-purpose language that can be used for a wide range of applications. It is a popular choice for web development, scientific computing, and artificial intelligence. JavaScript is a language that is specifically designed for client-side scripting, which allows it to interact with HTML documents. It is used in a wide range of","How to convert one to another? Is it possible to write a program in JavaScript that runs in Python?
For the majority of programming projects, Python is the ideal scripting language for your web servers or network management programs. It is easy to learn, fast, scalable, and has a large community of users. For web development, JavaScript is a good choice. It's a versatile language for the client-side, but it is a poor choice as a server-side language because it's not designed to handle the server-side workloads. For writing network management programs, Python and JavaScript are equally good.
It's possible to write a program in JavaScript that runs in Python. To do this, you need to understand the concept of namespaces, objects, and classes. If you don't know how to use namespaces and classes, then you need to read my book, JavaScript Object Oriented Programming: Using Namespaces, Objects, and Classes.
Python is a great language to learn, but it doesn't have much to do with JavaScript. JavaScript is a language for the client-side of the browser, but it's used on the server-side to write server-side code. Python is a programming language, but it doesn't have much to do with JavaScript.
You can run Python scripts in JavaScript. To do this, you need to create an instance of a Python object in JavaScript and then call the methods of that object. The methods will be called in the same order as the Python code. You can use this method to call the Python methods that are used in the Python scripts. For example, if you have a Python script that does the following: ```  import os  import time  os.chdir(""/path/to/script"")  time.sleep(10) ``` To run this script in JavaScript, you can do the following: ```  var python = Python();  python.eval(""import os; import time; os.chdir('/path/to/script'); time.sleep(10);""); ``` When you run this code, the Python script will run as if it were called from Python. The methods of the Python object will be called in the same order as the Python code. If you use the eval() method to call the Python script, then the Python code will run in the JavaScript environment.
It's possible to write a program in JavaScript that runs in Python. To do this, you need to understand the concept of namespaces, objects, and classes. If you don't know how to use namespaces and classes, then you need to read my book, JavaScript Object Oriented Programming: Using",2,0
What are the main differences between Python and JavaScript?,"It is a high-level programming language with dynamic semantics. Python is not case sensitive, but JavaScript is case sensitive. Python is a general-purpose programming language, while JavaScript is a scripting language. Python is an interpreted language, while JavaScript is a compiled language. Python is open-source, while JavaScript is proprietary. Python is statically typed, while JavaScript is dynamically typed. Python is designed to be used interactively, while JavaScript is designed to be used in a web browser. Python is a great language for scientific computing, while JavaScript is not as well-suited for scientific computing. Python is a great language for web development, while JavaScript is not as well-suited for web development. Python is a great language for data analysis, while JavaScript is not as well-suited for data analysis. Python is a great language for game development, while JavaScript is not as well-suited for game development. Python is a great language for artificial intelligence, while JavaScript is not as well-suited for artificial intelligence.
The main differences between Python and JavaScript are:
1. Syntax: Python is a more concise and readable language than JavaScript, thanks to its use of indentation for code blocks and its lack of semicolons.
2. Data types: Python has a more limited set of data types than JavaScript, which can make it easier to understand for beginners.
3. Object-oriented programming: Python is an object-oriented language, while JavaScript is more functional.
4. Libraries: Python has a large and active community of libraries, while JavaScript has a smaller but still useful set of libraries.
5. Performance: Python is generally faster than JavaScript, thanks to its use of compiled bytecode.
6. Web development: JavaScript is the de facto standard for web development, while Python is less well-suited for this purpose.
7. Artificial intelligence: Python is a popular choice for artificial intelligence, while JavaScript is less well-suited for this purpose.
8. Game development: Python is a popular choice for game development, while JavaScript is less well-suited for this purpose.
9. Data analysis: Python is a popular choice for data analysis, while JavaScript is less well-suited for this purpose.
10. Machine learning: Python is a popular choice for machine learning, while JavaScript is less well-suited for this purpose.
Python and JavaScript are two of the most popular programming languages in the world. Both languages are used for a variety of tasks, but they have some key differences that make them better suited for certain applications. Here is a look at the main differences between Python and JavaScript:
1. Syntax","How to convert one to another? Is it possible to write a program in JavaScript that runs in Python?
For the majority of programming projects, Python is the ideal scripting language for your web servers or network management programs. It is easy to learn, fast, scalable, and has a large community of users. For web development, JavaScript is a good choice. It's a versatile language for the client-side, but it is a poor choice as a server-side language because it's not designed to handle the server-side workloads. For writing network management programs, Python and JavaScript are equally good.
It's possible to write a program in JavaScript that runs in Python. To do this, you need to understand the concept of namespaces, objects, and classes. If you don't know how to use namespaces and classes, then you need to read my book, JavaScript Object Oriented Programming: Using Namespaces, Objects, and Classes.
Python is a great language to learn, but it doesn't have much to do with JavaScript. JavaScript is a language for the client-side of the browser, but it's used on the server-side to write server-side code. Python is a programming language, but it doesn't have much to do with JavaScript.
You can run Python scripts in JavaScript. To do this, you need to create an instance of a Python object in JavaScript and then call the methods of that object. The methods will be called in the same order as the Python code. You can use this method to call the Python methods that are used in the Python scripts. For example, if you have a Python script that does the following: ```  import os  import time  os.chdir(""/path/to/script"")  time.sleep(10) ``` To run this script in JavaScript, you can do the following: ```  var python = Python();  python.eval(""import os; import time; os.chdir('/path/to/script'); time.sleep(10);""); ``` When you run this code, the Python script will run as if it were called from Python. The methods of the Python object will be called in the same order as the Python code. If you use the eval() method to call the Python script, then the Python code will run in the JavaScript environment.
It's possible to write a program in JavaScript that runs in Python. To do this, you need to understand the concept of namespaces, objects, and classes. If you don't know how to use namespaces and classes, then you need to read my book, JavaScript Object Oriented Programming: Using",2,0
What are the main differences between Python and JavaScript?,"What are some of the benefits of using each language? How can I decide which one to use for my project? In this article, we will explore these questions and more to help you make an informed decision about which language is right for your needs.
Python is a high-level, interpreted, general-purpose programming language. It was created by Guido van Rossum and first released in 1991. Python is known for its simplicity, readability, and its extensive standard library. It is used in a wide range of applications, including web development, scientific computing, and artificial intelligence.
JavaScript is a high-level, interpreted, dynamic programming language. It was created by Brendan Eich and first released in 1995. JavaScript is known for its client-side scripting capabilities, which allow it to interact with HTML documents. It is used in a wide range of web applications, including web browsers, web servers, and web APIs.
Python is a general-purpose language that can be used for a wide range of applications, including web development, scientific computing, and artificial intelligence. It is known for its simplicity, readability, and its extensive standard library. JavaScript is a language that is specifically designed for client-side scripting, which allows it to interact with HTML documents. It is used in a wide range of web applications, including web browsers, web servers, and web APIs.
Python is a high-level language that is easy to read and write. It is known for its simplicity and readability, which makes it a popular choice for beginners. JavaScript is also a high-level language, but it is more complex than Python. It is a dynamically typed language, which means that the type of a variable is not fixed until it is assigned a value. This can make JavaScript more difficult to read and write than Python.
Python has an extensive standard library, which means that it comes with a wide range of built-in functions and modules. This makes it easier to write programs that perform common tasks, such as reading and writing files, manipulating strings, and working with databases. JavaScript also has a large standard library, but it is not as extensive as Pythonâs. This means that JavaScript developers often need to use third-party libraries to access features that are not included in the standard library.
Python is a general-purpose language that can be used for a wide range of applications. It is a popular choice for web development, scientific computing, and artificial intelligence. JavaScript is a language that is specifically designed for client-side scripting, which allows it to interact with HTML documents. It is used in a wide range of","Letâs take a look at the most prominent differences between Python and JavaScript, including the syntax, semantics, data types, and more. Youâll also learn some of the key concepts and libraries used in each language and see how they are similar and different.
JavaScript and Python are two of the most popular and frequently used programming languages in the world. Both languages are widely used for creating web applications, games, and many other types of software. But what are the main differences between them? Letâs take a look at the most prominent differences between Python and JavaScript, including the syntax, semantics, data types, and more.
The most obvious difference between Python and JavaScript is their syntax. Python is an object-oriented language that uses indentation to define blocks of code. JavaScript is a loosely typed language that uses curly brackets to define blocks of code. This difference can cause confusion for developers who are new to both languages.
Another major difference between Python and JavaScript is their semantics. Python is a dynamic language that is interpreted at runtime, while JavaScript is a static language that is compiled before it is executed. This difference can have a significant impact on the performance of your code.
Data Types in Python and JavaScript
Data types in Python and JavaScript are quite different. Python has a variety of built-in data types, including integers, floating-point numbers, strings, and dictionaries. JavaScript has only a few built-in data types, such as numbers, strings, and objects. Python also supports user-defined data types, while JavaScript does not.
Python and JavaScript each have their own set of libraries for performing common tasks. Python has libraries such as NumPy and Pandas for scientific computing and data analysis, while JavaScript has libraries such as d3.js and React for creating interactive web applications. Python also has a library called matplotlib for creating beautiful, publication-quality figures.
Libraries in Python and JavaScript
Python and JavaScript each have their own set of libraries for performing common tasks. Python has libraries such as NumPy and Pandas for scientific computing and data analysis, while JavaScript has libraries such as d3.js and React for creating interactive web applications. Python also has a library called matplotlib for creating beautiful, publication-quality figures.
The most important difference between Python and JavaScript is their syntax. Python is an object-oriented language that uses indentation to define blocks of code. JavaScript is a loosely typed language that uses curly brackets to define blocks of code. This difference can cause confusion for developers who are new to both languages.
Another major difference between Python and JavaScript is their semantics. Python is a dynamic language that is",0,2
What are the main differences between Python and JavaScript?,"How to convert one to another? Is it possible to write a program in JavaScript that runs in Python?
For the majority of programming projects, Python is the ideal scripting language for your web servers or network management programs. It is easy to learn, fast, scalable, and has a large community of users. For web development, JavaScript is a good choice. It's a versatile language for the client-side, but it is a poor choice as a server-side language because it's not designed to handle the server-side workloads. For writing network management programs, Python and JavaScript are equally good.
It's possible to write a program in JavaScript that runs in Python. To do this, you need to understand the concept of namespaces, objects, and classes. If you don't know how to use namespaces and classes, then you need to read my book, JavaScript Object Oriented Programming: Using Namespaces, Objects, and Classes.
Python is a great language to learn, but it doesn't have much to do with JavaScript. JavaScript is a language for the client-side of the browser, but it's used on the server-side to write server-side code. Python is a programming language, but it doesn't have much to do with JavaScript.
You can run Python scripts in JavaScript. To do this, you need to create an instance of a Python object in JavaScript and then call the methods of that object. The methods will be called in the same order as the Python code. You can use this method to call the Python methods that are used in the Python scripts. For example, if you have a Python script that does the following: ```  import os  import time  os.chdir(""/path/to/script"")  time.sleep(10) ``` To run this script in JavaScript, you can do the following: ```  var python = Python();  python.eval(""import os; import time; os.chdir('/path/to/script'); time.sleep(10);""); ``` When you run this code, the Python script will run as if it were called from Python. The methods of the Python object will be called in the same order as the Python code. If you use the eval() method to call the Python script, then the Python code will run in the JavaScript environment.
It's possible to write a program in JavaScript that runs in Python. To do this, you need to understand the concept of namespaces, objects, and classes. If you don't know how to use namespaces and classes, then you need to read my book, JavaScript Object Oriented Programming: Using","Letâs take a look at the most prominent differences between Python and JavaScript, including the syntax, semantics, data types, and more. Youâll also learn some of the key concepts and libraries used in each language and see how they are similar and different.
JavaScript and Python are two of the most popular and frequently used programming languages in the world. Both languages are widely used for creating web applications, games, and many other types of software. But what are the main differences between them? Letâs take a look at the most prominent differences between Python and JavaScript, including the syntax, semantics, data types, and more.
The most obvious difference between Python and JavaScript is their syntax. Python is an object-oriented language that uses indentation to define blocks of code. JavaScript is a loosely typed language that uses curly brackets to define blocks of code. This difference can cause confusion for developers who are new to both languages.
Another major difference between Python and JavaScript is their semantics. Python is a dynamic language that is interpreted at runtime, while JavaScript is a static language that is compiled before it is executed. This difference can have a significant impact on the performance of your code.
Data Types in Python and JavaScript
Data types in Python and JavaScript are quite different. Python has a variety of built-in data types, including integers, floating-point numbers, strings, and dictionaries. JavaScript has only a few built-in data types, such as numbers, strings, and objects. Python also supports user-defined data types, while JavaScript does not.
Python and JavaScript each have their own set of libraries for performing common tasks. Python has libraries such as NumPy and Pandas for scientific computing and data analysis, while JavaScript has libraries such as d3.js and React for creating interactive web applications. Python also has a library called matplotlib for creating beautiful, publication-quality figures.
Libraries in Python and JavaScript
Python and JavaScript each have their own set of libraries for performing common tasks. Python has libraries such as NumPy and Pandas for scientific computing and data analysis, while JavaScript has libraries such as d3.js and React for creating interactive web applications. Python also has a library called matplotlib for creating beautiful, publication-quality figures.
The most important difference between Python and JavaScript is their syntax. Python is an object-oriented language that uses indentation to define blocks of code. JavaScript is a loosely typed language that uses curly brackets to define blocks of code. This difference can cause confusion for developers who are new to both languages.
Another major difference between Python and JavaScript is their semantics. Python is a dynamic language that is",1,1
What are the main differences between Python and JavaScript?,"It is a high-level programming language with dynamic semantics. Python is not case sensitive, but JavaScript is case sensitive. Python is a general-purpose programming language, while JavaScript is a scripting language. Python is an interpreted language, while JavaScript is a compiled language. Python is open-source, while JavaScript is proprietary. Python is statically typed, while JavaScript is dynamically typed. Python is designed to be used interactively, while JavaScript is designed to be used in a web browser. Python is a great language for scientific computing, while JavaScript is not as well-suited for scientific computing. Python is a great language for web development, while JavaScript is not as well-suited for web development. Python is a great language for data analysis, while JavaScript is not as well-suited for data analysis. Python is a great language for game development, while JavaScript is not as well-suited for game development. Python is a great language for artificial intelligence, while JavaScript is not as well-suited for artificial intelligence.
The main differences between Python and JavaScript are:
1. Syntax: Python is a more concise and readable language than JavaScript, thanks to its use of indentation for code blocks and its lack of semicolons.
2. Data types: Python has a more limited set of data types than JavaScript, which can make it easier to understand for beginners.
3. Object-oriented programming: Python is an object-oriented language, while JavaScript is more functional.
4. Libraries: Python has a large and active community of libraries, while JavaScript has a smaller but still useful set of libraries.
5. Performance: Python is generally faster than JavaScript, thanks to its use of compiled bytecode.
6. Web development: JavaScript is the de facto standard for web development, while Python is less well-suited for this purpose.
7. Artificial intelligence: Python is a popular choice for artificial intelligence, while JavaScript is less well-suited for this purpose.
8. Game development: Python is a popular choice for game development, while JavaScript is less well-suited for this purpose.
9. Data analysis: Python is a popular choice for data analysis, while JavaScript is less well-suited for this purpose.
10. Machine learning: Python is a popular choice for machine learning, while JavaScript is less well-suited for this purpose.
Python and JavaScript are two of the most popular programming languages in the world. Both languages are used for a variety of tasks, but they have some key differences that make them better suited for certain applications. Here is a look at the main differences between Python and JavaScript:
1. Syntax","What are some of the benefits of using each language? How can I decide which one to use for my project? In this article, we will explore these questions and more to help you make an informed decision about which language is right for your needs.
Python is a high-level, interpreted, general-purpose programming language. It was created by Guido van Rossum and first released in 1991. Python is known for its simplicity, readability, and its extensive standard library. It is used in a wide range of applications, including web development, scientific computing, and artificial intelligence.
JavaScript is a high-level, interpreted, dynamic programming language. It was created by Brendan Eich and first released in 1995. JavaScript is known for its client-side scripting capabilities, which allow it to interact with HTML documents. It is used in a wide range of web applications, including web browsers, web servers, and web APIs.
Python is a general-purpose language that can be used for a wide range of applications, including web development, scientific computing, and artificial intelligence. It is known for its simplicity, readability, and its extensive standard library. JavaScript is a language that is specifically designed for client-side scripting, which allows it to interact with HTML documents. It is used in a wide range of web applications, including web browsers, web servers, and web APIs.
Python is a high-level language that is easy to read and write. It is known for its simplicity and readability, which makes it a popular choice for beginners. JavaScript is also a high-level language, but it is more complex than Python. It is a dynamically typed language, which means that the type of a variable is not fixed until it is assigned a value. This can make JavaScript more difficult to read and write than Python.
Python has an extensive standard library, which means that it comes with a wide range of built-in functions and modules. This makes it easier to write programs that perform common tasks, such as reading and writing files, manipulating strings, and working with databases. JavaScript also has a large standard library, but it is not as extensive as Pythonâs. This means that JavaScript developers often need to use third-party libraries to access features that are not included in the standard library.
Python is a general-purpose language that can be used for a wide range of applications. It is a popular choice for web development, scientific computing, and artificial intelligence. JavaScript is a language that is specifically designed for client-side scripting, which allows it to interact with HTML documents. It is used in a wide range of",1,1
